CODE_TRANS,LAYER,mean_naturalness_100,std_naturalness_100,median_naturalness_100,mean_naturalness_250,std_naturalness_250,median_naturalness_250,mean_naturalness_500,std_naturalness_500,median_naturalness_500,mean_naturalness_1000,std_naturalness_1000,median_naturalness_1000
682_bleu_lisiere,1,187.773333333333,22.8091053943132,179,203.052953156822,32.6303940135337,212,194.559529892692,31.9309608689927,185,193.336223383909,39.3146799819793,185
682_bleu_lisiere,2,10668.36,17.2824689594205,10668,10666.8839103869,43.7938231583747,10667,10667.0275932549,87.8515160119183,10667,10672.980747163,171.512635021604,10670
682_bleu_lisiere,3,336.253333333333,1.17862443363251,336,336.386965376782,2.96224600289937,337,335.336228921819,5.28893144163346,337,334.463215606273,9.99191396720822,336
682_bleu_lisiere,4,582.853333333333,24.6623563801641,574,599.42566191446,35.9688719422519,606,589.397547266223,35.8434020102488,580,587.516256534489,44.473497326655,580
