CODE_TRANS,LAYER,mean_naturalness_100,std_naturalness_100,median_naturalness_100,mean_naturalness_250,std_naturalness_250,median_naturalness_250,mean_naturalness_500,std_naturalness_500,median_naturalness_500,mean_naturalness_1000,std_naturalness_1000,median_naturalness_1000
522_rouge_lisiere,1,226.375,29.6750631844314,240,220.373195876288,30.2513679181685,225,201.807320793085,50.5022762431051,200,199.908697313128,40.5866529264112,200
522_rouge_lisiere,2,10419.25,7.74515977885543,10420,10418.5484536082,19.3168966868043,10418,10422.2536858159,43.4845390938233,10419,10442.8660384566,103.918827768896,10424
522_rouge_lisiere,3,344.875,0.330718913883074,345,344.451546391752,1.15777189161011,345,343.413319776309,2.86228308781013,344,342.052718706226,5.70558463002781,342
522_rouge_lisiere,4,625.774999999999,32.3577560254106,641,619.039175257731,32.9443847403125,625,598.300457549567,55.1110236347894,596,595.672609193938,44.4439867531873,593
