CODE_TRANS,LAYER,mean_naturalness_100,std_naturalness_100,median_naturalness_100,mean_naturalness_250,std_naturalness_250,median_naturalness_250,mean_naturalness_500,std_naturalness_500,median_naturalness_500,mean_naturalness_1000,std_naturalness_1000,median_naturalness_1000
522_rouge_estive,1,196.26582278481,16.0629370241563,200,198.414285714285,47.7384220390191,200,199.526772055073,48.3944613365055,200,196.490448293428,39.4879094511225,185
522_rouge_estive,2,10392.6075949367,8.12936188119445,10392,10392.4510204081,19.4477491740911,10392,10393.537990821,38.3248375963852,10393,10407.9635761589,91.7469550859716,10397
522_rouge_estive,3,344.392405063291,0.582828578897283,344,345.022448979591,0.967590170057987,345,344.765425803161,2.34505521729977,344,343.38754457463,5.6040577988602,343
522_rouge_estive,4,592.278481012658,17.3700868357075,596,595.179591836734,51.9672619848377,596,596.161652218255,52.8969718020512,596,592.244778400407,43.3086629590944,583
