CODE_TRANS,LAYER,mean_naturalness_100,std_naturalness_100,median_naturalness_100,mean_naturalness_250,std_naturalness_250,median_naturalness_250,mean_naturalness_500,std_naturalness_500,median_naturalness_500,mean_naturalness_1000,std_naturalness_1000,median_naturalness_1000
682_bleu_estive,1,184.324675324675,13.3226119260057,185,184.212981744421,31.3972336644261,185,189.78491335372,29.7869022916475,185,191.484968152866,38.2925991523118,185
682_bleu_estive,2,10704.0389610389,17.907729999242,10703,10706.0649087221,44.629462133282,10706,10705.6661569826,88.85513279644,10706,10710.1805095541,176.044473686804,10709.5
682_bleu_estive,3,333.792207792207,1.34200530644878,334,333.912778904665,3.22931849733068,334,334.189602446483,6.04710813227777,335,333.785732484076,10.4322112759847,336
682_bleu_estive,4,577.922077922077,14.6577989823477,579,577.878296146044,34.6196574958409,579,584.066258919469,33.6244124758001,579,585.705222929936,43.7855688145689,580
