CODE_TRANS,LAYER,mean_naturalness_100,std_naturalness_100,median_naturalness_100,mean_naturalness_250,std_naturalness_250,median_naturalness_250,mean_naturalness_500,std_naturalness_500,median_naturalness_500,mean_naturalness_1000,std_naturalness_1000,median_naturalness_1000
401_bleu_lisiere,1,200.8375,52.0709716996907,231,212.995910020449,39.5975663827419,231,211.964430894308,36.1586212307706,231,191.880758462713,48.2556546371976,200
401_bleu_lisiere,2,11242.2999999999,18.6737784071676,11242,11237.8118609406,45.4109319740705,11237,11232.5492886178,90.3302635539252,11232,11221.3385085263,173.872196728018,11221
401_bleu_lisiere,3,356.024999999999,0.706664701255129,356,355.288343558282,1.55495353219467,355,353.877540650406,2.73967827327051,354,350.276533469076,4.70693824011931,351
401_bleu_lisiere,4,621.0625,56.4602390514776,654,633.715746421267,43.188166995256,653,631.598577235772,39.5774356497473,652,607.007126495291,53.4567467404128,615
