CODE_TRANS,LAYER,mean_naturalness_100,std_naturalness_100,median_naturalness_100,mean_naturalness_250,std_naturalness_250,median_naturalness_250,mean_naturalness_500,std_naturalness_500,median_naturalness_500,mean_naturalness_1000,std_naturalness_1000,median_naturalness_1000
402_rouge_lisiere,1,180.76923076923,69.1721974452762,200.5,195.425963488843,65.7154500910097,231,208.360204081632,58.0487466506682,240,204.10644257703,54.3532183691593,231
402_rouge_lisiere,2,10942.1153846153,19.8060990148339,10942,10944.7606490872,49.8917236668658,10945,10946.0653061224,95.6290975934571,10949,10950.5579322638,175.587089407196,10951.5
402_rouge_lisiere,3,354.038461538461,1.19230769230769,354,354.186612576064,1.34121107438342,354,354.538265306122,1.88889478834832,355,354.015278838808,3.39666410406176,354
402_rouge_lisiere,4,592.25641025641,75.5898914516871,615,608.261663286004,71.6845586875686,649,622.628061224489,63.343861776912,654,617.847211611917,60.2344167167806,644
