CODE_TRANS,LAYER,mean_naturalness_100,std_naturalness_100,median_naturalness_100,mean_naturalness_250,std_naturalness_250,median_naturalness_250,mean_naturalness_500,std_naturalness_500,median_naturalness_500,mean_naturalness_1000,std_naturalness_1000,median_naturalness_1000
401_bleu_estive,1,195.576923076923,6.83977663222258,200,196.766734279918,29.3489937988072,200,196.930753564154,38.3759711824721,200,186.171232004076,47.9397818750329,185
401_bleu_estive,2,11254.1538461538,16.3205682114796,11254,11254.9208924949,41.2102882742853,11255,11252.8019348268,83.6686193131187,11252,11232.2486941011,163.206656915084,11227
401_bleu_estive,3,353.371794871794,0.718063177689253,354,352.709939148073,1.63724481508793,353,351.60132382892,3.74769695457926,352,349.938463498534,4.68317506209435,350
401_bleu_estive,4,613.641025641025,7.43686996292771,618,614.703853955375,32.1300211797174,618,614.031568228105,42.8560801555426,617,600.774748375589,53.3067213668962,601
