CODE_TRANS,LAYER,mean_naturalness_100,std_naturalness_100,median_naturalness_100,mean_naturalness_250,std_naturalness_250,median_naturalness_250,mean_naturalness_500,std_naturalness_500,median_naturalness_500,mean_naturalness_1000,std_naturalness_1000,median_naturalness_1000
402_rouge_estive,1,152.9375,44.9214157585221,185,169.424180327868,52.5561213439651,185,200.217125382262,55.8810057311295,200,199.492679821769,53.3043378057556,216
402_rouge_estive,2,10993.3875,18.2883116702991,10994,10989.7069672131,44.5519841950976,10990,10984.7252803261,88.0682970020882,10985,10977.1606619987,168.971941159976,10976
402_rouge_estive,3,351.8625,0.541842920042331,352,352.915983606557,1.36972185751136,353,354.324668705402,2.83941477533497,355,354.095862507956,3.94840717599326,354
402_rouge_estive,4,561.4125,48.7802966755021,596,579.967213114754,57.5887318819772,596,614.403160040774,61.3208923212163,617,613.401145767027,59.1127449228095,634
