CODE_TRANS,LAYER,mean_naturalness_100,std_naturalness_100,median_naturalness_100,mean_naturalness_250,std_naturalness_250,median_naturalness_250,mean_naturalness_500,std_naturalness_500,median_naturalness_500,mean_naturalness_1000,std_naturalness_1000,median_naturalness_1000
245_bleu_lisiere,1,167.734177215189,70.0845256148041,185,199.971544715447,54.6873523528976,231,199.530788804071,46.4577259330335,200,186.478930617441,51.0119945244418,185
245_bleu_lisiere,2,10477.3924050632,13.3449063164721,10477,10479.0609756097,33.3092851483931,10478.5,10478.4071246819,61.3067633852147,10484,10475.0201145767,109.786331930664,10484
245_bleu_lisiere,3,337.113924050632,0.954500887165006,337,337.154471544715,1.86770813132684,338,336.028498727735,2.89057466937104,337,333.757861234882,5.17342093386726,334
245_bleu_lisiere,4,558.32911392405,76.3799167584319,577,593.394308943089,59.912733015345,627,591.976590330788,51.3244378953131,593,576.090642902609,58.0945797720108,576
