CODE_TRANS,LAYER,mean_naturalness_100,std_naturalness_100,median_naturalness_100,mean_naturalness_250,std_naturalness_250,median_naturalness_250,mean_naturalness_500,std_naturalness_500,median_naturalness_500,mean_naturalness_1000,std_naturalness_1000,median_naturalness_1000
245_bleu_estive,1,169.5625,35.0463420880125,185,167.150205761316,36.9696804641345,185,181.716539440203,37.0722224253737,185,187.239495798319,41.700797594786,185
245_bleu_estive,2,10565.4249999999,9.01217925920251,10566,10565.4259259259,23.1341957951678,10564,10562.4310432569,51.2738290974169,10560,10558.2298192004,108.258356168042,10547
245_bleu_estive,3,331.175,0.877140239642441,331,331.48353909465,1.32043788157144,332,332.900254452926,2.75130779662005,332,332.940030557677,4.38993736722888,332
245_bleu_estive,4,557.524999999999,38.5580649799753,574,555.232510288065,40.6154485786596,575,571.927226463104,40.9621099256309,575,577.89584924879,46.1968761168956,576
