CODE_TRANS,LAYER,mean_naturalness_100,std_naturalness_100,median_naturalness_100,mean_naturalness_250,std_naturalness_250,median_naturalness_250,mean_naturalness_500,std_naturalness_500,median_naturalness_500,mean_naturalness_1000,std_naturalness_1000,median_naturalness_1000
244_rouge_lisiere,1,210.166666666666,30.6089548932681,231,215.075510204081,31.193150939846,231,221.103658536585,30.1664829559587,231,198.125095444133,49.6314388156113,200
244_rouge_lisiere,2,10453.6923076923,15.4913604477047,10456,10453.4653061224,34.3880588613725,10456,10454.1163617886,65.8038102210573,10456,10459.1220412318,125.036817160047,10458
244_rouge_lisiere,3,339.243589743589,0.819410316988451,339,339.602040816326,2.06001682140132,340,339.381605691056,2.42010697014812,340,335.250827182489,5.18250060297004,336
244_rouge_lisiere,4,605.346153846153,33.2834859040493,628,610.620408163265,34.3543181469754,628,617.020325203252,33.1977873181495,628,589.394247900229,56.3826153645619,594
