CODE_TRANS,LAYER,mean_naturalness_100,std_naturalness_100,median_naturalness_100,mean_naturalness_250,std_naturalness_250,median_naturalness_250,mean_naturalness_500,std_naturalness_500,median_naturalness_500,mean_naturalness_1000,std_naturalness_1000,median_naturalness_1000
244_rouge_estive,1,188.224999999999,17.6528857414304,185,184.173553719008,24.8985305039348,185,189.846466700559,25.9616630362406,200,203.241278329513,35.3620219599004,200
244_rouge_estive,2,10570.4125,13.0850045376377,10570.5,10571.3078512396,32.0533236684239,10572,10572.133197763,64.6732473934302,10572,10567.6858925388,128.182959713044,10567
244_rouge_estive,3,334.824999999999,1.09287464971971,335,334.5,1.9407547309281,335,334.767158108795,3.03272763630837,335,334.019607843137,5.36988106596536,334
244_rouge_estive,4,580.475,19.1793997559882,578,575.785123966942,27.4544571375972,578,582.168276563294,28.7810423509843,591,596.109625668449,39.2402942026913,592
