CODE_TRANS,LAYER,mean_naturalness_100,std_naturalness_100,median_naturalness_100,mean_naturalness_250,std_naturalness_250,median_naturalness_250,mean_naturalness_500,std_naturalness_500,median_naturalness_500,mean_naturalness_1000,std_naturalness_1000,median_naturalness_1000
349_bleu_lisiere,1,173.683544303797,39.8813253159532,185,178.304081632653,41.1964356452216,185,180.151685393258,47.0764159905137,185,186.858780084044,41.9270776522474,185
349_bleu_lisiere,2,8954.54430379746,9.99341234704577,8954,8954.52653061224,24.9946996463716,8954,8958.37997957099,48.1412592829891,8955,8973.12428371323,81.9407288118321,8967
349_bleu_lisiere,3,332.177215189873,0.742208365279446,332,332.406122448979,1.09374999256262,332,332.612359550561,2.64524752591874,332,333.276836877626,5.05071890378571,332
349_bleu_lisiere,4,532.873417721518,43.4649188058621,545,537.94081632653,44.835920450002,545,540.201736465781,51.3339091821207,547,548.264357570355,46.6201930859627,547
