CODE_TRANS,LAYER,mean_naturalness_100,std_naturalness_100,median_naturalness_100,mean_naturalness_250,std_naturalness_250,median_naturalness_250,mean_naturalness_500,std_naturalness_500,median_naturalness_500,mean_naturalness_1000,std_naturalness_1000,median_naturalness_1000
349_bleu_estive,1,176.705128205128,14.1784496768854,185,179.036960985626,27.9957951779055,185,182.141692150866,31.9736337732786,185,182.826773659406,40.9576336716028,185
349_bleu_estive,2,8984.57692307692,10.6271534538908,8984.5,8984.75770020533,26.0737151438952,8984,8983.75840978593,48.6826535586546,8984,8985.45433702712,84.6686261565152,8977
349_bleu_estive,3,331.833333333333,0.372677996249965,332,331.624229979466,0.736596990052371,332,331.327217125382,1.88452664496645,332,331.548083046745,4.83449950991623,331
349_bleu_estive,4,536.179487179487,15.3995867325031,545,538.850102669404,30.7748683266612,545,541.881753312945,34.7491562007031,546,542.918481722073,45.5559465435889,546
