CODE_TRANS,LAYER,mean_naturalness_100,std_naturalness_100,median_naturalness_100,mean_naturalness_250,std_naturalness_250,median_naturalness_250,mean_naturalness_500,std_naturalness_500,median_naturalness_500,mean_naturalness_1000,std_naturalness_1000,median_naturalness_1000
509_rouge_estive,1,188.307692307692,12.7543936042846,185,184.335365853658,16.6679469813612,185,180.077902240325,26.8836699742001,185,182.762953532781,34.5825235948656,185
509_rouge_estive,2,9051.85897435897,11.3439516912626,9051,9052.78658536585,28.4797243332229,9053,9056.6649694501,55.9197560714704,9057,9064.31508593252,101.76502381264,9056
509_rouge_estive,3,332.153846153846,0.36080121229411,332,332.014227642276,1.07152767483397,332,332.022912423625,2.03632602915516,332,332.085168682367,4.97937211679016,331
509_rouge_estive,4,550.410256410256,13.9066815682946,547,545.90650406504,18.1748340251975,546,541.44348268839,29.1313368986083,546,544.598345003182,38.6404170589318,546
