CODE_TRANS,LAYER,mean_naturalness_100,std_naturalness_100,median_naturalness_100,mean_naturalness_250,std_naturalness_250,median_naturalness_250,mean_naturalness_500,std_naturalness_500,median_naturalness_500,mean_naturalness_1000,std_naturalness_1000,median_naturalness_1000
641_rouge_lisiere,1,155.90909090909,66.0405585371657,185,158.870445344129,62.7697693506688,185,157.941866394696,63.616397925714,185,165.206391647568,62.142638068794,185
641_rouge_lisiere,2,9375.8961038961,6.46586323840653,9376,9376.52834008097,15.4570780426683,9374,9373.83324834268,24.3870547770252,9370,9371.8525592055,45.2562762531958,9368
641_rouge_lisiere,3,305.922077922077,0.268048927799355,306,305.595141700404,1.3171466062478,306,305.137684854665,2.66015082114707,305,306.74178762414,6.45998382733039,306
641_rouge_lisiere,4,502.545454545454,71.5381190648653,534,505.811740890688,68.129423927269,534,504.611932687404,69.244851099276,533,513.713776419658,68.8228263900398,536
