CODE_TRANS,LAYER,mean_naturalness_100,std_naturalness_100,median_naturalness_100,mean_naturalness_250,std_naturalness_250,median_naturalness_250,mean_naturalness_500,std_naturalness_500,median_naturalness_500,mean_naturalness_1000,std_naturalness_1000,median_naturalness_1000
638_bleu_lisiere,1,204.316455696202,19.343362649166,216,206.252032520325,22.2163579578091,185,199.451810300866,47.3050668572507,216,189.164460285132,53.8717449875926,185
638_bleu_lisiere,2,9437.6075949367,10.6300478362273,9437,9434.47967479674,22.0497772396231,9437,9429.04334523202,38.148300994522,9434,9438.76094704684,70.5716105974701,9440
638_bleu_lisiere,3,326.835443037974,1.14106745212525,327,326.774390243902,3.07955403970802,327,326.387047424783,6.83808630215132,327,324.618890020366,11.315727641074,325
638_bleu_lisiere,4,571.443037974683,20.743000549182,583,573.213414634146,22.7138702415155,554,565.534421213666,52.5131679004551,578,553.375254582484,62.2523931821972,556
