CODE_TRANS,LAYER,mean_naturalness_100,std_naturalness_100,median_naturalness_100,mean_naturalness_250,std_naturalness_250,median_naturalness_250,mean_naturalness_500,std_naturalness_500,median_naturalness_500,mean_naturalness_1000,std_naturalness_1000,median_naturalness_1000
638_bleu_estive,1,185,0,185,182.25865580448,24.6667462816622,185,196.486748216106,35.6305238252245,185,192.095754175698,49.6083925981165,185
638_bleu_estive,2,9466.93506493506,4.56507823388577,9467,9467.17311608961,12.1580130501937,9466,9466.74770642201,34.1561452784833,9467,9474.4299375239,77.5345787062197,9474
638_bleu_estive,3,329.831168831168,1.47183600690983,330,329.771894093686,3.43945365175814,330,329.722731906218,6.54962886004807,330,328.023077903863,11.4714154664408,329
638_bleu_estive,4,552.662337662337,1.2547094620015,553,549.97148676171,27.6333869617705,553,565.313455657492,40.2405497910701,556,559.590080326405,58.2132523571739,558
