CODE_TRANS,LAYER,mean_naturalness_100,std_naturalness_100,median_naturalness_100,mean_naturalness_250,std_naturalness_250,median_naturalness_250,mean_naturalness_500,std_naturalness_500,median_naturalness_500,mean_naturalness_1000,std_naturalness_1000,median_naturalness_1000
641_rouge_estive,1,167.666666666666,51.2726914535299,185,153.929006085192,65.670276560676,185,157.873217922606,62.1604726011889,185,164.968933027756,60.5353277032116,185
641_rouge_estive,2,9390.43589743589,6.47399085015898,9389,9386.88438133874,13.9682637780883,9385,9383.05855397148,23.2774405692908,9380,9382.46804176216,44.8078764904074,9380
641_rouge_estive,3,305.846153846153,0.360801212294111,306,304.961460446247,1.25320501769934,305,304.695519348268,2.21340120475484,305,306.65520753756,6.02211675812577,307
641_rouge_estive,4,515.230769230769,55.5201333490887,534,500.13387423935,71.3555955964302,534,504.444501018329,67.7581318746176,534,513.602622867328,67.1240208262516,536
