CODE_TRANS,LAYER,mean_naturalness_100,std_naturalness_100,median_naturalness_100,mean_naturalness_250,std_naturalness_250,median_naturalness_250,mean_naturalness_500,std_naturalness_500,median_naturalness_500,mean_naturalness_1000,std_naturalness_1000,median_naturalness_1000
628_rouge_lisiere,1,191.662337662337,43.4390483230314,185,192.040567951318,44.9861188561347,185,199.952647657841,45.6830297132782,216,205.308309966862,41.0529541181752,216
628_rouge_lisiere,2,9516.16883116883,5.97267065371345,9516,9516.47870182555,17.6039956261761,9518,9516.7566191446,43.6929882472122,9520,9513.06665816976,93.0878590096524,9521
628_rouge_lisiere,3,350.441558441558,1.5994601889185,350,351.180527383367,2.85516970465043,351,352.136965376782,4.57146000699366,352,351.508284476166,7.18733486779275,352
628_rouge_lisiere,4,575.246753246753,47.8086434189727,569,576.316430020283,49.4758046654707,569,585.505091649694,50.7372778044287,601,590.873438694876,45.8226993003794,603
