CODE_TRANS,LAYER,mean_naturalness_100,std_naturalness_100,median_naturalness_100,mean_naturalness_250,std_naturalness_250,median_naturalness_250,mean_naturalness_500,std_naturalness_500,median_naturalness_500,mean_naturalness_1000,std_naturalness_1000,median_naturalness_1000
626_bleu_lisiere,1,163.599999999999,53.8633920209263,185,183.080082135523,44.4070188135966,185,187.671421293937,38.7590297548422,185,186.857688391038,35.8897222174792,185
626_bleu_lisiere,2,9563.6,3.89422649572415,9564,9562.36960985626,11.2701993177107,9563,9555.80539989811,29.7259143866733,9562,9537.90733197556,64.564316653541,9555
626_bleu_lisiere,3,338.449999999999,1.45688022843334,338,339.100616016427,2.90791944760296,339,339.829342842587,4.46768152661575,340,339.866980651731,6.76679093964094,339
626_bleu_lisiere,4,537.5375,58.8954462904391,561,559.090349075975,48.834633261989,563,564.462557310239,43.3005937044924,564,563.320010183299,40.7185234698417,565
