CODE_TRANS,LAYER,mean_naturalness_100,std_naturalness_100,median_naturalness_100,mean_naturalness_250,std_naturalness_250,median_naturalness_250,mean_naturalness_500,std_naturalness_500,median_naturalness_500,mean_naturalness_1000,std_naturalness_1000,median_naturalness_1000
626_bleu_estive,1,158.551282051282,58.8558969086399,185,172.276422764227,40.9535828491107,185,179.051399491094,39.8822299907344,185,184.531516617853,34.9101217228746,185
626_bleu_estive,2,9580.6282051282,3.8931530111439,9581,9578.63617886178,11.9122704395476,9581,9568.32671755725,28.5977120326151,9574,9547.49942697058,61.5733371652478,9562
626_bleu_estive,3,333.948717948717,1.23928676652252,334,334.266260162601,1.369024279197,334,335.599491094147,3.1163852854511,335,336.551763657201,5.91320782238475,335
626_bleu_estive,4,528.846153846153,64.1630688814369,557,544.123983739837,44.599970765236,558,552.441730279898,43.778755453613,559,558.604991722908,39.2346762733563,564
