CODE_TRANS,LAYER,mean_naturalness_100,std_naturalness_100,median_naturalness_100,mean_naturalness_250,std_naturalness_250,median_naturalness_250,mean_naturalness_500,std_naturalness_500,median_naturalness_500,mean_naturalness_1000,std_naturalness_1000,median_naturalness_1000
628_rouge_estive,1,174.637499999999,34.7340768374517,185,185.75,28.7713539094899,185,194.42225609756,28.4129867784825,185,197.48790425261,37.7111783238873,200
628_rouge_estive,2,9588.92499999999,5.92194013816417,9590,9584.17768595041,14.8725104874359,9586,9576.84654471544,29.5432167295247,9581,9569.80888719124,60.0034017154638,9574
628_rouge_estive,3,345.8125,0.708762125116742,346,346.254132231404,2.24424964707195,346,346.218495934959,4.48280628728623,346,345.433537051184,8.13583751640205,346
628_rouge_estive,4,555.125,37.8627042747873,567,567.353305785124,31.6364480377252,567,576.637703252032,31.8399092068775,568,579.239877769289,42.8126779971295,580
