CODE_TRANS,LAYER,mean_naturalness_100,std_naturalness_100,median_naturalness_100,mean_naturalness_250,std_naturalness_250,median_naturalness_250,mean_naturalness_500,std_naturalness_500,median_naturalness_500,mean_naturalness_1000,std_naturalness_1000,median_naturalness_1000
517_rouge_estive,1,189.556962025316,6.89844384477909,185,179.434077079107,30.2649258268442,185,181.598473282442,30.7692900286155,185,183.149312627291,36.1899792033848,185
517_rouge_estive,2,9594.6329113924,14.6669155077383,9595,9594.21298174442,38.0546909977037,9596,9588.76284987277,69.9126590263356,9599,9574.36532586558,123.857746154326,9594
517_rouge_estive,3,332.658227848101,0.709538554797039,333,332.618661257606,1.58101587263165,333,333.214249363867,2.51740011062056,333,334.073956211812,4.32244814585936,334
517_rouge_estive,4,562.32911392405,7.37893258204142,558,551.129817444219,33.3004544579595,557,553.951145038167,33.5227339967617,559,555.9375,39.7578469507257,563
