CODE_TRANS,LAYER,mean_naturalness_100,std_naturalness_100,median_naturalness_100,mean_naturalness_250,std_naturalness_250,median_naturalness_250,mean_naturalness_500,std_naturalness_500,median_naturalness_500,mean_naturalness_1000,std_naturalness_1000,median_naturalness_1000
369_bleu_estive,1,181.346153846153,18.2692307692307,185,183.47261663286,31.363047219322,185,185.877166156982,43.0403255253388,185,169.072164948453,56.5387142027518,185
369_bleu_estive,2,9295.92307692307,10.215334414458,9296,9296.37728194726,27.2977655341945,9296,9294.48419979612,59.3094392761782,9294,9301.70726740486,126.318957008484,9304
369_bleu_estive,3,326.730769230769,0.842357450819241,327,326.845841784989,2.45539682769585,327,326.296126401631,4.30376589713897,326,324.646811760213,5.25044047601088,325
369_bleu_estive,4,543.589743589743,19.9560002527585,547,546.018255578093,34.8812193579025,547,548.246687054026,48.7640024244264,546,529.071401298205,63.6493421869706,545
