CODE_TRANS,LAYER,mean_naturalness_100,std_naturalness_100,median_naturalness_100,mean_naturalness_250,std_naturalness_250,median_naturalness_250,mean_naturalness_500,std_naturalness_500,median_naturalness_500,mean_naturalness_1000,std_naturalness_1000,median_naturalness_1000
517_rouge_lisiere,1,192.275,6.88653577642634,194,188.916155419222,23.1646353748438,194,184.64481707317,30.2758383160383,194,183.209929980903,43.1014624977046,185
517_rouge_lisiere,2,9520.575,16.7427409643701,9520.5,9519.97750511247,41.2119255418073,9520,9520.68140243902,79.9788629321482,9524,9518.72476129853,133.551171212145,9533
517_rouge_lisiere,3,333.024999999999,0.688748865697796,333,332.764826175869,1.67622311978156,333,332.652947154471,2.47753759482933,332,333.194780394653,4.1298464344044,332
517_rouge_lisiere,4,564.024999999999,7.20759148398409,566,560.312883435582,25.557310746352,565,555.599593495934,33.6731847887677,563,554.368936982813,47.4058641335512,563
