CODE_TRANS,LAYER,mean_naturalness_100,std_naturalness_100,median_naturalness_100,mean_naturalness_250,std_naturalness_250,median_naturalness_250,mean_naturalness_500,std_naturalness_500,median_naturalness_500,mean_naturalness_1000,std_naturalness_1000,median_naturalness_1000
369_bleu_lisiere,1,171.599999999999,27.4069334293349,154,200.123456790123,30.801053927261,216,183.152671755725,45.7998088736374,185,173.922567498726,51.0168992521279,185
369_bleu_lisiere,2,9352.95,11.3566060070779,9354.5,9352.65432098765,28.6013441051509,9354,9356.29058524172,58.2290339506236,9356,9373.30387162506,130.083671965235,9371
369_bleu_lisiere,3,329.637499999999,0.951889568174796,329,329.452674897119,1.81580369277263,329,327.986259541984,3.1692406044625,328,325.9475292919,4.78126200774293,327
369_bleu_lisiere,4,536.112499999999,30.2758128503596,517,566.965020576131,34.3587465981798,583,547.569465648854,50.4284228992072,547,536.536296484972,57.0079610489836,549
