CODE_TRANS,LAYER,mean_naturalness_100,std_naturalness_100,median_naturalness_100,mean_naturalness_250,std_naturalness_250,median_naturalness_250,mean_naturalness_500,std_naturalness_500,median_naturalness_500,mean_naturalness_1000,std_naturalness_1000,median_naturalness_1000
256_rouge_lisiere,1,191.111111111111,44.5548628375078,185,195.468041237113,50.1192547858304,216,194.322810590631,51.1227474273844,200,198.778301286132,45.1904680881691,200
256_rouge_lisiere,2,10327.4567901234,18.5898215763331,10328,10328.6907216494,45.714930409723,10329,10331.1537678207,91.1178529003405,10331,10341.199923596,177.704755922837,10340
256_rouge_lisiere,3,336.555555555555,2.21665970480666,337,336.40206185567,4.03147358343148,337,336.017311608961,5.55106874928737,336,335.263593531134,5.73257286214785,336
256_rouge_lisiere,4,580.283950617283,49.5553648645811,574,584.901030927834,56.1371525448559,608,583.422606924643,57.1994813804261,590,587.879663822742,50.133415892626,591
