CODE_TRANS,LAYER,mean_naturalness_100,std_naturalness_100,median_naturalness_100,mean_naturalness_250,std_naturalness_250,median_naturalness_250,mean_naturalness_500,std_naturalness_500,median_naturalness_500,mean_naturalness_1000,std_naturalness_1000,median_naturalness_1000
256_rouge_estive,1,160.933333333333,41.3174162900935,185,173.709349593495,53.5728255383485,185,188.434915773353,50.8523443396633,200,196.515939811272,43.7097970017079,200
256_rouge_estive,2,10364.0266666666,18.1519316388703,10364,10366.0833333333,46.2839763869711,10366,10367.0837161817,91.4871134074379,10366,10374.1717674062,178.528386548281,10375.5
256_rouge_estive,3,332.466666666666,1.83545331972482,332,333.243902439024,4.19318351887944,333,334.181725370086,5.37929906986276,333,334.447207345065,6.12236695889757,334
256_rouge_estive,4,544.893333333333,44.9214346263438,571,559.715447154471,59.6336744401941,572,576.369065849923,56.8385773227374,588,585.458939046161,48.6150597498093,589
