CODE_TRANS,LAYER,mean_naturalness_100,std_naturalness_100,median_naturalness_100,mean_naturalness_250,std_naturalness_250,median_naturalness_250,mean_naturalness_500,std_naturalness_500,median_naturalness_500,mean_naturalness_1000,std_naturalness_1000,median_naturalness_1000
415_bleu_estive,1,162.602564102564,33.279831323379,169,159.215447154471,38.5573999994651,185,173.606523955147,40.7750488136569,185,188.280198776758,46.3582848724043,185
415_bleu_estive,2,10398.2435897435,13.5978749258241,10397.5,10395.5975609756,36.7875221055869,10396,10392.1717635066,79.1558068060733,10392,10391.7361111111,166.773350598011,10389
415_bleu_estive,3,329.653846153846,0.859739422015333,330,330.394308943089,0.857183970824653,330,331.567787971457,3.01926233639298,331,333.18374108053,5.32390036122986,333
415_bleu_estive,4,545.564102564102,36.3369522110685,553,542.235772357723,42.0951460618016,569,558.749235474006,44.9249834791057,571,575.904816513761,51.2132167021035,575
