CODE_TRANS,LAYER,mean_naturalness_100,std_naturalness_100,median_naturalness_100,mean_naturalness_250,std_naturalness_250,median_naturalness_250,mean_naturalness_500,std_naturalness_500,median_naturalness_500,mean_naturalness_1000,std_naturalness_1000,median_naturalness_1000
415_bleu_lisiere,1,147.743589743589,52.9604196419571,177,164.68154158215,48.2405442085211,185,179.444501018329,45.3231492366383,185,190.375715922107,48.6599828121065,200
415_bleu_lisiere,2,10369.0769230769,14.6731651373495,10367,10368.7870182555,35.59538899751,10367,10368.2698574338,75.7757470226669,10367,10373.5172457681,163.515676911419,10372
415_bleu_lisiere,3,331.807692307692,1.62557833738225,332,332.200811359026,2.42833162346959,332,333.380855397148,3.66015036493828,332,334.105129184166,4.63378426737956,335
415_bleu_lisiere,4,530.435897435897,57.7120592969716,562,549.13387423935,53.1527548054484,570,566.016802443991,50.1491586042735,572,578.503881888761,53.6459932950722,589
