CODE_TRANS,LAYER,mean_naturalness_100,std_naturalness_100,median_naturalness_100,mean_naturalness_250,std_naturalness_250,median_naturalness_250,mean_naturalness_500,std_naturalness_500,median_naturalness_500,mean_naturalness_1000,std_naturalness_1000,median_naturalness_1000
374_bleu_estive,1,185.025316455696,13.8664285268316,185,181.563524590163,25.439418181502,185,179.506374298827,34.4442744440825,185,183.158665478161,37.9346927581956,185
374_bleu_estive,2,10519.2405063291,6.77152487337375,10519,10518.350409836,16.517196696694,10519,10512.4375318714,31.1973909856448,10511,10489.7679867566,70.5687968130803,10485
374_bleu_estive,3,346.936708860759,0.486313233222747,347,346.758196721311,0.616486629684223,347,346.647628760836,1.98432298844136,346,347.583216605119,4.54028009908458,346
374_bleu_estive,4,584.037974683544,15.1644513003229,584,580.526639344262,27.6563978045889,584,577.914329423763,37.8270953410306,583,582.075003183496,42.2946207573117,583
