CODE_TRANS,LAYER,mean_naturalness_100,std_naturalness_100,median_naturalness_100,mean_naturalness_250,std_naturalness_250,median_naturalness_250,mean_naturalness_500,std_naturalness_500,median_naturalness_500,mean_naturalness_1000,std_naturalness_1000,median_naturalness_1000
375_rouge_lisiere,1,149.4375,38.8551295680506,154,169.739669421487,39.6619808362826,185,168.81272264631,43.4250375237115,185,178.830255953138,41.6507657728803,185
375_rouge_lisiere,2,10592.3875,7.73707591729589,10592.5,10592.3574380165,19.0224510256438,10592,10583.0396946564,41.8928896164452,10580,10557.2279383675,91.1704652625664,10549
375_rouge_lisiere,3,345.824999999999,1.30168160469448,346,346.132231404958,1.39918600161411,346,346.349109414758,2.14018987308673,346,348.161848974914,4.46796668973922,347
375_rouge_lisiere,4,546.225,42.2519156370453,553,568.365702479338,43.2965526145925,583,567.34961832061,47.3989876112546,583,579.028651470775,46.3776136204923,584
