CODE_TRANS,LAYER,mean_naturalness_100,std_naturalness_100,median_naturalness_100,mean_naturalness_250,std_naturalness_250,median_naturalness_250,mean_naturalness_500,std_naturalness_500,median_naturalness_500,mean_naturalness_1000,std_naturalness_1000,median_naturalness_1000
374_bleu_lisiere,1,170.12987012987,7.68596401502613,169,175.248472505091,19.136964069494,169,175.295315682281,35.534418048434,185,181.41110545084,41.2847716204645,185
374_bleu_lisiere,2,10550.7142857142,6.38557046817914,10549,10546.6782077393,15.8907392636027,10546,10539.1369653767,32.2235552569543,10535,10515.5234335201,75.5188005526566,10508
374_bleu_lisiere,3,345.545454545454,0.523362121548309,346,345.920570264765,0.768395901444134,346,346.597759674134,2.24586405819796,346,348.144803871625,4.63079513980503,346
374_bleu_lisiere,4,567.740259740259,8.12148441009671,567,573.54582484725,20.6254405095678,567,573.807535641547,39.1179560427895,583,581.051579215486,45.9170747349865,583
