CODE_TRANS,LAYER,mean_naturalness_100,std_naturalness_100,median_naturalness_100,mean_naturalness_250,std_naturalness_250,median_naturalness_250,mean_naturalness_500,std_naturalness_500,median_naturalness_500,mean_naturalness_1000,std_naturalness_1000,median_naturalness_1000
375_rouge_estive,1,148.0625,48.909953933223,185,171.037190082644,39.2414472067636,185,172.802838317283,37.3763635403183,185,174.770356234096,37.4118208262001,185
375_rouge_estive,2,10525.5375,14.5670379195634,10525.5,10525.3140495867,34.7587988879041,10525,10520.0015205271,63.336105326514,10526,10500.7690839694,117.086844896262,10514
375_rouge_estive,3,344.425,0.685109480302236,345,344.904958677685,0.770890998894631,345,345.423213380638,1.26186549388844,345,346.93486005089,2.59267534381567,346
375_rouge_estive,4,542.2,53.0059902275204,582,567.427685950413,42.5677988384525,583,569.815509376583,40.8486311485102,583,572.705470737913,40.7265990892794,583
