CODE_TRANS,LAYER,mean_naturalness_100,std_naturalness_100,median_naturalness_100,mean_naturalness_250,std_naturalness_250,median_naturalness_250,mean_naturalness_500,std_naturalness_500,median_naturalness_500,mean_naturalness_1000,std_naturalness_1000,median_naturalness_1000
702_bleu_estive,1,178.363636363636,12.6336070991344,185,178.699186991869,29.8555288173735,185,184.018858307849,38.4795661929134,185,194.272588250286,43.6324417720146,185
702_bleu_estive,2,10363.6493506493,8.96278921360057,10363,10360.4329268292,21.4380742988975,10360,10357.3134556574,42.0546961016867,10356.5,10348.4530393781,81.2965616416432,10342
702_bleu_estive,3,339.064935064935,0.610251435037441,339,339.497967479674,1.45319802048699,339,339.813455657492,2.95960958133421,340,340.199821587867,4.91117325635596,340
702_bleu_estive,4,569.285714285714,13.8412681864515,576,569.60569105691,32.5195845952254,576,575.467889908256,42.3182235855116,577,586.616413916146,48.6961819352317,579
