CODE_TRANS,LAYER,mean_naturalness_100,std_naturalness_100,median_naturalness_100,mean_naturalness_250,std_naturalness_250,median_naturalness_250,mean_naturalness_500,std_naturalness_500,median_naturalness_500,mean_naturalness_1000,std_naturalness_1000,median_naturalness_1000
235_rouge_lisiere,1,178.675324675324,38.3918421930038,185,184.135902636916,42.5516246421,185,181.357980622131,34.9191876668722,185,187.085488597273,36.3218221713789,185
235_rouge_lisiere,2,10438.2207792207,9.57624682685857,10438,10438.3671399594,23.3408706507051,10438,10433.7343192248,44.0529940261743,10431,10422.4197987004,86.1792995634261,10412
235_rouge_lisiere,3,334.246753246753,1.30090721746921,335,334.590263691683,1.49728169225555,335,335.044365119836,2.24268773089891,335,336.100522359536,4.0012688753517,336
235_rouge_lisiere,4,567.38961038961,42.2506914856672,574,573.464503042596,46.9219849863291,574,570.615502294747,38.4370455490621,574,577.206650528729,41.2015805507875,577
