CODE_TRANS,LAYER,mean_naturalness_100,std_naturalness_100,median_naturalness_100,mean_naturalness_250,std_naturalness_250,median_naturalness_250,mean_naturalness_500,std_naturalness_500,median_naturalness_500,mean_naturalness_1000,std_naturalness_1000,median_naturalness_1000
702_bleu_lisiere,1,174.434210526315,37.5774062598636,185,173.374745417515,38.9247811589904,185,181.909183673469,42.806409463657,185,196.730901670705,42.7248266850649,200
702_bleu_lisiere,2,10385.1447368421,9.28170802590322,10385,10383.5682281059,22.7377891563771,10383,10380.4561224489,44.1164173391511,10380,10372.7055222548,85.1045907083367,10366
702_bleu_lisiere,3,339.381578947368,0.794174600701187,339,339.152749490835,1.58631095963771,339,339.665306122448,2.85718221547234,340,340.217191684734,4.44239472343792,341
702_bleu_lisiere,4,565.315789473684,40.7321838761942,577,563.947046843177,42.5318527626705,576,573.46581632653,47.0834458413229,577,589.746971049611,47.5960262029591,590
