CODE_TRANS,LAYER,mean_naturalness_100,std_naturalness_100,median_naturalness_100,mean_naturalness_250,std_naturalness_250,median_naturalness_250,mean_naturalness_500,std_naturalness_500,median_naturalness_500,mean_naturalness_1000,std_naturalness_1000,median_naturalness_1000
235_rouge_estive,1,165.759493670886,38.1791961343497,185,177.054766734279,32.3238406134607,185,179.842078451349,35.3625934130773,185,184.601197299707,35.576369224844,185
235_rouge_estive,2,10411.329113924,9.35613454612796,10411,10410.9148073022,23.66785128386,10411,10411.3637289862,46.1804931853536,10410,10405.1518277926,87.5022055301989,10398
235_rouge_estive,3,332.822784810126,0.689147219686897,333,333.251521298174,1.43755155760887,333,333.765155374426,1.96825760944092,334,334.916698509743,3.93847604191237,335
235_rouge_estive,4,551.658227848101,41.7672532609069,572,564.117647058823,35.5366615388639,572,567.557310239429,39.1415544539665,574,573.357151955164,40.4024628544135,575
