CODE_TRANS,LAYER,mean_naturalness_100,std_naturalness_100,median_naturalness_100,mean_naturalness_250,std_naturalness_250,median_naturalness_250,mean_naturalness_500,std_naturalness_500,median_naturalness_500,mean_naturalness_1000,std_naturalness_1000,median_naturalness_1000
424_bleu_lisiere,1,203.582278481012,24.363080387089,200,211.353061224489,27.9855618900598,200,211.798469387755,33.3263653930382,216,201.690985485103,46.0696473189959,216
424_bleu_lisiere,2,11635.6329113924,14.0488994255101,11635,11634.8102040816,34.1128184949974,11635.5,11631.625,68.4441131135319,11634,11625.995161701,134.466115482316,11629
424_bleu_lisiere,3,351.075949367088,1.42110807095556,351,351.075510204081,3.1765101253461,351,350.199489795918,5.4135600479493,351,347.887191240132,10.0650548273826,349
424_bleu_lisiere,4,627.822784810126,26.790683953106,623,636.336734693877,31.7524043369082,625,636.110714285714,37.63344267607,640,623.446269416857,52.8243154690513,639
