CODE_TRANS,LAYER,mean_naturalness_100,std_naturalness_100,median_naturalness_100,mean_naturalness_250,std_naturalness_250,median_naturalness_250,mean_naturalness_500,std_naturalness_500,median_naturalness_500,mean_naturalness_1000,std_naturalness_1000,median_naturalness_1000
413_rouge_estive,1,167.468354430379,44.0789956704712,185,179.875255623721,39.7030230853085,185,188.453021838496,33.3859793677586,185,196.804961832061,40.2433659073542,200
413_rouge_estive,2,11795.1265822784,11.9655275832073,11795,11795.2065439672,30.3515239864695,11795,11794.3722701879,63.917592823872,11793,11791.4650127226,129.499427419966,11789
413_rouge_estive,3,337.253164556962,1.53827418035071,337,337.486707566462,3.1114813439496,337,338.042661249365,5.69481228625222,337,337.412213740458,11.1917501165757,336
413_rouge_estive,4,582.417721518987,48.2201196505393,601,595.83435582822,43.8144344748146,603,605.422041645505,37.1911065579499,606,613.947328244274,47.1269605040221,609
