CODE_TRANS,LAYER,mean_naturalness_100,std_naturalness_100,median_naturalness_100,mean_naturalness_250,std_naturalness_250,median_naturalness_250,mean_naturalness_500,std_naturalness_500,median_naturalness_500,mean_naturalness_1000,std_naturalness_1000,median_naturalness_1000
424_bleu_estive,1,183.599999999999,10.6508215645554,185,199.076131687242,21.7622858317923,192.5,208.495691839837,35.6380350967242,200,201.38172795521,44.9520687687797,200
424_bleu_estive,2,11661.35,14.1977991252165,11661.5,11661.1481481481,33.9428026921074,11662,11657.9107957425,67.0877673284361,11659,11652.2547397887,134.135457308498,11655
424_bleu_estive,3,348.4875,1.64312012646671,348,348.818930041152,3.3098138906879,349,348.282311201216,6.09935281357884,349,346.262501590533,10.3614131618281,348
424_bleu_estive,4,605.087499999999,11.8376451944632,606,621.905349794238,24.7679621020451,614,631.726305119107,40.6658356602498,623,622.470670568774,51.678954506833,625
