CODE_TRANS,LAYER,mean_naturalness_100,std_naturalness_100,median_naturalness_100,mean_naturalness_250,std_naturalness_250,median_naturalness_250,mean_naturalness_500,std_naturalness_500,median_naturalness_500,mean_naturalness_1000,std_naturalness_1000,median_naturalness_1000
413_rouge_lisiere,1,213.51948051948,16.7670133712738,200,200.537678207739,33.1037390887515,200,200.594084650688,35.9634134117342,200,199.596129360835,41.4239309801396,200
413_rouge_lisiere,2,11787.1298701298,11.8248589671726,11787,11787.6639511201,29.9888489776403,11788,11788.6527281998,60.6565578074666,11787,11787.8464476699,124.214793192926,11785
413_rouge_lisiere,3,340.961038961038,1.69369770253518,341,340.710794297352,3.41165272531879,341,340.496175420703,5.70658660729919,340,339.123249299719,10.7199381259752,338
413_rouge_lisiere,4,634.636363636363,19.0780414272256,620,620.307535641547,36.7191843208096,619,620.209077001529,40.1180199148902,617,618.089890501655,47.9589796622086,615
