CODE_TRANS,LAYER,mean_naturalness_100,std_naturalness_100,median_naturalness_100,mean_naturalness_250,std_naturalness_250,median_naturalness_250,mean_naturalness_500,std_naturalness_500,median_naturalness_500,mean_naturalness_1000,std_naturalness_1000,median_naturalness_1000
529_bleu_lisiere,1,180.037037037037,31.6229501143852,185,177.916155419222,47.9635930943442,185,192.765274949083,44.5028820764648,203,189.133800127307,55.3713582742098,203
529_bleu_lisiere,2,10015.4814814814,7.43882227355635,10016,10014.208588957,16.8282995121647,10014,10016.4923625254,28.4106568083888,10010,10012.0897517504,52.4534648417433,9998
529_bleu_lisiere,3,343.518518518518,1.01969628873601,343,343.971370143149,2.49645932585582,344,344.724032586558,3.81419431063286,344,344.028262253341,6.52993621222151,344
529_bleu_lisiere,4,567.271604938271,34.6185607626317,572,565.153374233128,53.2605874711884,574,581.952647657841,49.3996988096157,590,577.426861871419,61.7648481334261,590
