CODE_TRANS,LAYER,mean_naturalness_100,std_naturalness_100,median_naturalness_100,mean_naturalness_250,std_naturalness_250,median_naturalness_250,mean_naturalness_500,std_naturalness_500,median_naturalness_500,mean_naturalness_1000,std_naturalness_1000,median_naturalness_1000
372_rouge_lisiere,1,178.51948051948,12.3399997785792,185,182.730769230769,34.358940998433,185,168.170744138634,50.2951523002962,185,163.538471337579,53.4815199723663,185
372_rouge_lisiere,2,10014.3636363636,1.43163779527487,10014,10012.0202429149,9.24714613715408,10015,10009.0249745157,27.6460423500204,10016.5,10006.7650955414,66.1655757824371,10014
372_rouge_lisiere,3,326.103896103896,1.07612116809696,326,325.846153846153,2.85134661428471,326,325.20998980632,4.87329176008343,325,326.032866242038,6.27100821351361,326
372_rouge_lisiere,4,554.155844155844,13.7142119242406,561,558.004048582996,37.8980090891424,561,541.527013251783,55.9324400805352,558,537.04305732484,59.5400988326082,556
