CODE_TRANS,LAYER,mean_naturalness_100,std_naturalness_100,median_naturalness_100,mean_naturalness_250,std_naturalness_250,median_naturalness_250,mean_naturalness_500,std_naturalness_500,median_naturalness_500,mean_naturalness_1000,std_naturalness_1000,median_naturalness_1000
529_bleu_estive,1,185,0,185,181.864476386036,18.8911860548098,185,185.077275038129,35.648742887273,185,193.904519414385,40.6957229950583,194
529_bleu_estive,2,10050.1898734177,8.07414368131435,10050,10049.9979466119,19.1043281778373,10049,10050.8723945094,36.8474849679123,10050,10038.1894334818,64.8982046978814,10023
529_bleu_estive,3,343.468354430379,0.726277887988914,343,343.560574948665,1.70514563621018,343,344.071682765632,3.61075701307157,343,344.040229153405,6.87779374484498,344
529_bleu_estive,4,573.050632911392,1.2817979281217,572,569.860369609856,21.0322186177919,574,573.785460091509,39.6412320978569,575,583.112794398472,45.6571398509747,585
