CODE_TRANS,LAYER,mean_naturalness_100,std_naturalness_100,median_naturalness_100,mean_naturalness_250,std_naturalness_250,median_naturalness_250,mean_naturalness_500,std_naturalness_500,median_naturalness_500,mean_naturalness_1000,std_naturalness_1000,median_naturalness_1000
372_rouge_estive,1,177.77922077922,38.1434828314051,185,170.028513238289,41.2741961576673,185,162.476821192052,47.7822029385292,185,163.222533775172,50.0096389587812,185
372_rouge_estive,2,10030,9.01225716570378,10030,10031.5539714867,12.8230412331715,10031,10039.3413143148,22.4906537378828,10037,10043.8396635228,74.1281969741044,10041
372_rouge_estive,3,323.506493506493,1.52573913638455,324,323.873727087576,2.37355211710347,324,324.780947529291,3.6324938307253,325,326.272113178689,5.83167358647635,327
372_rouge_estive,4,551.155844155844,42.0800304105443,559,543.061099796334,45.5026725789273,559,535.692307692307,52.7294353655672,558,537.530333928116,55.6808486420279,557
