CODE_TRANS,LAYER,mean_naturalness_100,std_naturalness_100,median_naturalness_100,mean_naturalness_250,std_naturalness_250,median_naturalness_250,mean_naturalness_500,std_naturalness_500,median_naturalness_500,mean_naturalness_1000,std_naturalness_1000,median_naturalness_1000
564_bleu_estive,1,160.775,36.7610442588346,169,168.35318275154,35.6703839149238,185,177.226003047232,40.4390231147377,185,186.628676938749,36.480586796728,185
564_bleu_estive,2,12260.225,14.600492286221,12260,12261.0451745379,36.4625488199601,12261,12264.1345860843,73.2281522553046,12263,12276.5507449382,145.041245238523,12271
564_bleu_estive,3,328.524999999999,1.35991727689591,329,328.515400410677,2.90352561195896,329,329.320467242254,5.28106832623834,329,330.226028269451,10.7136763079152,330
564_bleu_estive,4,577.362499999999,39.862966444433,588,585.566735112936,38.9056559368751,602,595.826815642458,44.579417917304,603,606.916337705335,41.2999359659909,606
