CODE_TRANS,LAYER,mean_naturalness_100,std_naturalness_100,median_naturalness_100,mean_naturalness_250,std_naturalness_250,median_naturalness_250,mean_naturalness_500,std_naturalness_500,median_naturalness_500,mean_naturalness_1000,std_naturalness_1000,median_naturalness_1000
573_rouge_estive,1,151.166666666666,53.8396043025298,169,156.531697341513,45.1545801867645,169,163.390862944162,56.2325891183278,185,165.158269720101,72.28506185223,185
573_rouge_estive,2,10855.8076923076,9.50985681941837,10855,10858.0122699386,28.9335295756011,10858,10864.278680203,66.8198426582811,10864,10867.6759541984,132.111339645849,10869
573_rouge_estive,3,323,1.22996768771399,323,323.057259713701,3.05049418639334,323,323.023350253807,5.69775652208274,322,324.5237913486,8.21339555492797,323
573_rouge_estive,4,537.192307692307,59.0575681101483,557,542.979550102249,50.1028756690555,558,550.540609137055,63.6357705623214,569,553.601399491094,82.6183261131954,570
