CODE_TRANS,LAYER,mean_naturalness_100,std_naturalness_100,median_naturalness_100,mean_naturalness_250,std_naturalness_250,median_naturalness_250,mean_naturalness_500,std_naturalness_500,median_naturalness_500,mean_naturalness_1000,std_naturalness_1000,median_naturalness_1000
573_rouge_lisiere,1,189.230769230769,45.6932141842221,200,184.993914807302,52.0629783580035,185,186.298522669383,52.3417541603902,185,175.141237901171,72.0480329244933,185
573_rouge_lisiere,2,10866.5897435897,10.7267170610868,10865,10869.0020283975,31.1855338456883,10868,10870.1655629139,67.790315256789,10868,10865.773306164,131.474463101804,10866
573_rouge_lisiere,3,326.897435897435,1.51564273909042,327,327.036511156186,3.6896167006816,327,326.93683138054,6.42183961099914,327,325.928680590932,8.97984144403588,325
573_rouge_lisiere,4,581.333333333333,50.0255490280272,592,576.92494929006,58.530382934142,577,578.230769230769,60.1283415176402,577,565.382322975038,83.0047275891163,576
