CODE_TRANS,LAYER,mean_naturalness_100,std_naturalness_100,median_naturalness_100,mean_naturalness_250,std_naturalness_250,median_naturalness_250,mean_naturalness_500,std_naturalness_500,median_naturalness_500,mean_naturalness_1000,std_naturalness_1000,median_naturalness_1000
530_bleu_estive,1,142.602564102564,40.5030355758833,169,160.608519269776,37.789945866036,169,163.457419683834,47.2175123226075,185,159.28154845282,55.590178865461,169
530_bleu_estive,2,9878.42307692307,15.836115192139,9879,9875.14807302231,36.4726186069968,9876,9872.63590005099,68.9892645967131,9865,9888.04329555583,118.324918589833,9863
530_bleu_estive,3,316.294871794871,1.32150821333899,316,317.166328600405,2.40197731881355,317,317.772565017848,4.43104365614833,317,319.627785559658,7.92158031977352,317
530_bleu_estive,4,505.243589743589,43.5731586095879,532,525.290060851927,41.0036737407724,538,528.829168791432,52.5073403554301,547,525.824652998853,63.052145872232,544
