CODE_TRANS,LAYER,mean_naturalness_100,std_naturalness_100,median_naturalness_100,mean_naturalness_250,std_naturalness_250,median_naturalness_250,mean_naturalness_500,std_naturalness_500,median_naturalness_500,mean_naturalness_1000,std_naturalness_1000,median_naturalness_1000
373_rouge_estive,1,173.128205128205,15.5385038503274,169,164.320486815415,33.7278020481669,169,172.955680081507,38.1329226281512,185,167.549828178694,54.3147656618645,185
373_rouge_estive,2,9884.91025641025,12.135121625156,9886,9883.56795131845,26.7557115523217,9888,9875.20835455934,47.7471039040082,9884,9881.10907471044,73.6015397377805,9893
373_rouge_estive,3,319.461538461538,1.08240363688233,319,319.965517241379,2.85711587832862,320,320.902190524707,5.02663413516993,322,321.36107929235,6.792480420052,322
373_rouge_estive,4,540.730769230769,17.4581353286046,537,531.403651115618,37.1882081636901,537,541.220071319409,43.4348513449176,554,535.765050273641,61.1034091603945,545
