CODE_TRANS,LAYER,mean_naturalness_100,std_naturalness_100,median_naturalness_100,mean_naturalness_250,std_naturalness_250,median_naturalness_250,mean_naturalness_500,std_naturalness_500,median_naturalness_500,mean_naturalness_1000,std_naturalness_1000,median_naturalness_1000
373_rouge_lisiere,1,207.233766233766,26.1974996843513,185,196.709939148073,33.7700589117189,185,177.794492605813,47.8242798615238,185,171.847967376067,58.0775877309472,185
373_rouge_lisiere,2,9883.50649350649,2.90375205831895,9883,9883.5172413793,7.77434062194576,9883,9883.58235594084,25.2817368068171,9886,9904.47521345737,71.9119196745957,9909
373_rouge_lisiere,3,326.727272727272,0.975496725102021,327,326.225152129817,2.14675003839843,327,325.247322794492,4.14949161897039,327,325.065247865426,7.56563054393519,327
373_rouge_lisiere,4,582.506493506493,28.6604045505851,559,570.772819472616,37.5183134668581,559,549.6364099949,52.7981336511583,556,543.449853447177,65.6079527839534,555
