CODE_TRANS,LAYER,mean_naturalness_100,std_naturalness_100,median_naturalness_100,mean_naturalness_250,std_naturalness_250,median_naturalness_250,mean_naturalness_500,std_naturalness_500,median_naturalness_500,mean_naturalness_1000,std_naturalness_1000,median_naturalness_1000
530_bleu_lisiere,1,169.857142857142,37.7784774451075,154,161.596348884381,45.9065253955302,169,168.735099337748,54.2735015057367,185,166.963047910295,53.0457403694468,169
530_bleu_lisiere,2,9913.61038961039,15.9594908001931,9914,9912.65720081135,38.2799304721359,9911,9907.56851757514,73.1540971016949,9901,9908.55466360856,124.940525376719,9888
530_bleu_lisiere,3,321.077922077922,1.18174682244959,321,320.841784989858,2.79584566820556,321,321.322975038206,5.65123358858348,321,322.494266055045,9.74398153181294,320
530_bleu_lisiere,4,538.636363636363,41.2930323643323,523,529.590263691683,50.1736383201718,539,537.595517065715,60.5226718319687,550,536.516564729867,61.5835064600378,547
