CODE_TRANS,LAYER,mean_naturalness_100,std_naturalness_100,median_naturalness_100,mean_naturalness_250,std_naturalness_250,median_naturalness_250,mean_naturalness_500,std_naturalness_500,median_naturalness_500,mean_naturalness_1000,std_naturalness_1000,median_naturalness_1000
473_rouge_lisiere,1,177.153846153846,51.1135179377855,185,187.965517241379,52.0345573616588,209,171.413143148242,59.6755958507838,185,175.673666793941,46.5743936955125,185
473_rouge_lisiere,2,10426.9871794871,19.6993385218527,10427.5,10429.8965517241,49.4019348262796,10430,10442.5420275089,90.2754918756074,10441,10489.8669975817,160.991341511916,10479
473_rouge_lisiere,3,320.01282051282,1.81513289577452,320,320.784989858012,3.33437712949241,320,320.140091696383,5.36931883099347,320,320.649102710958,6.93963477130356,321
473_rouge_lisiere,4,555.384615384615,55.931787844827,564,567.62677484787,57.8553369476892,595,549.515028018339,66.882353911434,564,555.353951890034,53.2252420541853,570
