CODE_TRANS,LAYER,mean_naturalness_100,std_naturalness_100,median_naturalness_100,mean_naturalness_250,std_naturalness_250,median_naturalness_250,mean_naturalness_500,std_naturalness_500,median_naturalness_500,mean_naturalness_1000,std_naturalness_1000,median_naturalness_1000
474_bleu_estive,1,170.569620253164,34.097657050177,185,178.700819672131,34.2859336350899,185,164.616751269035,45.3874781318774,185,163.142929871452,53.1435896535172,185
474_bleu_estive,2,10274.582278481,10.7604616094771,10276,10266.9549180327,26.0722910588781,10269,10257.992893401,52.9662467968994,10262.5,10269.929489627,110.138179572866,10276
474_bleu_estive,3,310.683544303797,0.935168079355134,311,311.081967213114,1.3172261213105,311,310.507614213197,2.78268629906171,310,310.653811887488,4.70526729581393,310
474_bleu_estive,4,538.822784810126,37.1380454192366,554,547.831967213114,37.2324395100261,555,531.98426395939,49.9935453304932,554,530.773959526536,58.7564814512093,557
