CODE_TRANS,LAYER,mean_naturalness_100,std_naturalness_100,median_naturalness_100,mean_naturalness_250,std_naturalness_250,median_naturalness_250,mean_naturalness_500,std_naturalness_500,median_naturalness_500,mean_naturalness_1000,std_naturalness_1000,median_naturalness_1000
473_rouge_estive,1,155.708860759493,42.1471658877915,169,158.884146341463,38.8209459727927,185,164.049389002036,46.9387639454476,185,177.536405295315,41.762670169238,185
473_rouge_estive,2,10548.9873417721,19.7589868487292,10550,10551.2154471544,49.2312273371816,10551,10557.5514256619,97.5984588404376,10559,10588.8601069246,180.491737254358,10588
473_rouge_estive,3,322.151898734177,0.88716027685748,322,321.5,2.97448499334082,322,321.880346232179,4.96201874469348,322,324.109852342158,7.12899580159034,326
473_rouge_estive,4,535.784810126582,45.4718360145438,552,538.959349593495,42.0960764009837,563,544.901731160896,52.6083598734205,564,561.612270875763,48.4950274828887,576
