CODE_TRANS,LAYER,mean_naturalness_100,std_naturalness_100,median_naturalness_100,mean_naturalness_250,std_naturalness_250,median_naturalness_250,mean_naturalness_500,std_naturalness_500,median_naturalness_500,mean_naturalness_1000,std_naturalness_1000,median_naturalness_1000
474_bleu_lisiere,1,133.696202531645,42.5168185427479,154,142.150406504065,56.0658525031766,154,159.766055045871,51.178325576364,179,167.538451744334,53.7405535460738,185
474_bleu_lisiere,2,10230.3924050632,12.8362794025065,10230,10231.0101626016,31.0103886732274,10235,10239.8537206931,52.3052137091661,10253,10259.3852813852,113.356119808123,10273
474_bleu_lisiere,3,307.202531645569,0.817215817294632,307,307.841463414634,2.03007576570805,308,309.171763506625,3.30207945003228,310,310.434173669467,6.33157201247123,310
474_bleu_lisiere,4,495.79746835443,45.9689988399819,516,505.270325203252,61.3522259047826,520,525.514271151885,56.4983292961457,545,535.190730837789,59.9775935214567,557
